customer_id,churn_score,risk_tier,recommended_action
5782,0.9635,High,Visita urgente - oferta de retencion personalizada
5288,0.9617,High,Visita urgente - oferta de retencion personalizada
4081,0.9612,High,Visita urgente - oferta de retencion personalizada
6488,0.9605,High,Visita urgente - oferta de retencion personalizada
6482,0.9571,High,Visita urgente - oferta de retencion personalizada
6623,0.9546,High,Visita urgente - oferta de retencion personalizada
7032,0.954,High,Visita urgente - oferta de retencion personalizada
6495,0.9537,High,Visita urgente - oferta de retencion personalizada
5573,0.9514,High,Visita urgente - oferta de retencion personalizada
2607,0.9501,High,Visita urgente - oferta de retencion personalizada
4837,0.9472,High,Visita urgente - oferta de retencion personalizada
3426,0.9435,High,Visita urgente - oferta de retencion personalizada
6660,0.9421,High,Visita urgente - oferta de retencion personalizada
207,0.9394,High,Visita urgente - oferta de retencion personalizada
1205,0.9378,High,Visita urgente - oferta de retencion personalizada
2745,0.9361,High,Visita urgente - oferta de retencion personalizada
1148,0.9358,High,Visita urgente - oferta de retencion personalizada
3671,0.932,High,Visita urgente - oferta de retencion personalizada
4138,0.9311,High,Visita urgente - oferta de retencion personalizada
585,0.9294,High,Visita urgente - oferta de retencion personalizada
3328,0.9278,High,Visita urgente - oferta de retencion personalizada
5662,0.9278,High,Visita urgente - oferta de retencion personalizada
6267,0.9265,High,Visita urgente - oferta de retencion personalizada
6096,0.9262,High,Visita urgente - oferta de retencion personalizada
2184,0.9247,High,Visita urgente - oferta de retencion personalizada
5783,0.923,High,Visita urgente - oferta de retencion personalizada
3325,0.9191,High,Visita urgente - oferta de retencion personalizada
5644,0.9162,High,Visita urgente - oferta de retencion personalizada
2036,0.9133,High,Visita urgente - oferta de retencion personalizada
5341,0.9122,High,Visita urgente - oferta de retencion personalizada
1879,0.9119,High,Visita urgente - oferta de retencion personalizada
5989,0.9101,High,Visita urgente - oferta de retencion personalizada
6473,0.9048,High,Visita urgente - oferta de retencion personalizada
4453,0.9031,High,Visita urgente - oferta de retencion personalizada
4646,0.9031,High,Visita urgente - oferta de retencion personalizada
6040,0.8981,High,Visita urgente - oferta de retencion personalizada
4954,0.897,High,Visita urgente - oferta de retencion personalizada
2283,0.8957,High,Visita urgente - oferta de retencion personalizada
5098,0.8941,High,Visita urgente - oferta de retencion personalizada
5815,0.894,High,Visita urgente - oferta de retencion personalizada
371,0.8929,High,Visita urgente - oferta de retencion personalizada
2753,0.8924,High,Visita urgente - oferta de retencion personalizada
6574,0.8886,High,Visita urgente - oferta de retencion personalizada
3467,0.8856,High,Visita urgente - oferta de retencion personalizada
639,0.8849,High,Visita urgente - oferta de retencion personalizada
4509,0.8844,High,Visita urgente - oferta de retencion personalizada
826,0.884,High,Visita urgente - oferta de retencion personalizada
4924,0.8835,High,Visita urgente - oferta de retencion personalizada
2453,0.8832,High,Visita urgente - oferta de retencion personalizada
2238,0.8813,High,Visita urgente - oferta de retencion personalizada
3562,0.8809,High,Visita urgente - oferta de retencion personalizada
1032,0.8772,High,Visita urgente - oferta de retencion personalizada
4150,0.8767,High,Visita urgente - oferta de retencion personalizada
3385,0.8762,High,Visita urgente - oferta de retencion personalizada
4459,0.874,High,Visita urgente - oferta de retencion personalizada
2463,0.8716,High,Visita urgente - oferta de retencion personalizada
5933,0.8706,High,Visita urgente - oferta de retencion personalizada
2161,0.8684,High,Visita urgente - oferta de retencion personalizada
2295,0.8672,High,Visita urgente - oferta de retencion personalizada
2167,0.8657,High,Visita urgente - oferta de retencion personalizada
1285,0.8656,High,Visita urgente - oferta de retencion personalizada
4240,0.8651,High,Visita urgente - oferta de retencion personalizada
2779,0.8638,High,Visita urgente - oferta de retencion personalizada
4848,0.8611,High,Visita urgente - oferta de retencion personalizada
448,0.8602,High,Visita urgente - oferta de retencion personalizada
3373,0.8601,High,Visita urgente - oferta de retencion personalizada
6687,0.8588,High,Visita urgente - oferta de retencion personalizada
4442,0.8563,High,Visita urgente - oferta de retencion personalizada
777,0.8562,High,Visita urgente - oferta de retencion personalizada
352,0.8556,High,Visita urgente - oferta de retencion personalizada
3932,0.8551,High,Visita urgente - oferta de retencion personalizada
3956,0.8551,High,Visita urgente - oferta de retencion personalizada
2519,0.8533,High,Visita urgente - oferta de retencion personalizada
410,0.8508,High,Visita urgente - oferta de retencion personalizada
1105,0.8499,High,Visita urgente - oferta de retencion personalizada
1710,0.8497,High,Visita urgente - oferta de retencion personalizada
5576,0.8496,High,Visita urgente - oferta de retencion personalizada
2007,0.8491,High,Visita urgente - oferta de retencion personalizada
1238,0.8486,High,Visita urgente - oferta de retencion personalizada
6654,0.8465,High,Visita urgente - oferta de retencion personalizada
2097,0.8433,High,Visita urgente - oferta de retencion personalizada
6385,0.8432,High,Visita urgente - oferta de retencion personalizada
1550,0.8406,High,Visita urgente - oferta de retencion personalizada
5468,0.8401,High,Visita urgente - oferta de retencion personalizada
4173,0.8397,High,Visita urgente - oferta de retencion personalizada
2156,0.8392,High,Visita urgente - oferta de retencion personalizada
2634,0.8391,High,Visita urgente - oferta de retencion personalizada
1132,0.8379,High,Visita urgente - oferta de retencion personalizada
5839,0.8379,High,Visita urgente - oferta de retencion personalizada
5019,0.8371,High,Visita urgente - oferta de retencion personalizada
2448,0.8368,High,Visita urgente - oferta de retencion personalizada
6888,0.8329,High,Visita urgente - oferta de retencion personalizada
3229,0.832,High,Visita urgente - oferta de retencion personalizada
6060,0.8312,High,Visita urgente - oferta de retencion personalizada
6219,0.831,High,Visita urgente - oferta de retencion personalizada
353,0.8261,High,Visita urgente - oferta de retencion personalizada
478,0.8254,High,Visita urgente - oferta de retencion personalizada
5643,0.825,High,Visita urgente - oferta de retencion personalizada
6375,0.8246,High,Visita urgente - oferta de retencion personalizada
4518,0.8241,High,Visita urgente - oferta de retencion personalizada
2582,0.8182,High,Visita urgente - oferta de retencion personalizada
4482,0.8158,High,Visita urgente - oferta de retencion personalizada
2598,0.8142,High,Visita urgente - oferta de retencion personalizada
302,0.8127,High,Visita urgente - oferta de retencion personalizada
2725,0.8111,High,Visita urgente - oferta de retencion personalizada
5931,0.8109,High,Visita urgente - oferta de retencion personalizada
1022,0.8096,High,Visita urgente - oferta de retencion personalizada
151,0.8088,High,Visita urgente - oferta de retencion personalizada
4956,0.8082,High,Visita urgente - oferta de retencion personalizada
5653,0.8065,High,Visita urgente - oferta de retencion personalizada
4563,0.8065,High,Visita urgente - oferta de retencion personalizada
1974,0.8063,High,Visita urgente - oferta de retencion personalizada
2296,0.8046,High,Visita urgente - oferta de retencion personalizada
2707,0.8043,High,Visita urgente - oferta de retencion personalizada
5438,0.8041,High,Visita urgente - oferta de retencion personalizada
2733,0.804,High,Visita urgente - oferta de retencion personalizada
5231,0.8039,High,Visita urgente - oferta de retencion personalizada
182,0.8035,High,Visita urgente - oferta de retencion personalizada
6696,0.8022,High,Visita urgente - oferta de retencion personalizada
1485,0.8018,High,Visita urgente - oferta de retencion personalizada
1366,0.8014,High,Visita urgente - oferta de retencion personalizada
3879,0.8009,High,Visita urgente - oferta de retencion personalizada
5395,0.8007,High,Visita urgente - oferta de retencion personalizada
4184,0.8005,High,Visita urgente - oferta de retencion personalizada
5549,0.7984,High,Visita urgente - oferta de retencion personalizada
6341,0.7964,High,Visita urgente - oferta de retencion personalizada
4908,0.7956,High,Visita urgente - oferta de retencion personalizada
4899,0.7954,High,Visita urgente - oferta de retencion personalizada
4701,0.794,High,Visita urgente - oferta de retencion personalizada
1421,0.7905,High,Visita urgente - oferta de retencion personalizada
5923,0.7901,High,Visita urgente - oferta de retencion personalizada
91,0.7899,High,Visita urgente - oferta de retencion personalizada
6518,0.7897,High,Visita urgente - oferta de retencion personalizada
247,0.7896,High,Visita urgente - oferta de retencion personalizada
6001,0.7889,High,Visita urgente - oferta de retencion personalizada
3452,0.7884,High,Visita urgente - oferta de retencion personalizada
6091,0.7881,High,Visita urgente - oferta de retencion personalizada
2948,0.7878,High,Visita urgente - oferta de retencion personalizada
3524,0.7858,High,Visita urgente - oferta de retencion personalizada
6012,0.7855,High,Visita urgente - oferta de retencion personalizada
5057,0.7852,High,Visita urgente - oferta de retencion personalizada
6970,0.7852,High,Visita urgente - oferta de retencion personalizada
3145,0.7841,High,Visita urgente - oferta de retencion personalizada
3509,0.7837,High,Visita urgente - oferta de retencion personalizada
3815,0.7823,High,Visita urgente - oferta de retencion personalizada
3115,0.7822,High,Visita urgente - oferta de retencion personalizada
6634,0.7815,High,Visita urgente - oferta de retencion personalizada
288,0.7815,High,Visita urgente - oferta de retencion personalizada
4538,0.781,High,Visita urgente - oferta de retencion personalizada
964,0.7804,High,Visita urgente - oferta de retencion personalizada
646,0.7804,High,Visita urgente - oferta de retencion personalizada
4960,0.7775,High,Visita urgente - oferta de retencion personalizada
619,0.7775,High,Visita urgente - oferta de retencion personalizada
1473,0.7773,High,Visita urgente - oferta de retencion personalizada
1725,0.7763,High,Visita urgente - oferta de retencion personalizada
6211,0.7745,High,Visita urgente - oferta de retencion personalizada
6610,0.7741,High,Visita urgente - oferta de retencion personalizada
5046,0.7737,High,Visita urgente - oferta de retencion personalizada
512,0.7731,High,Visita urgente - oferta de retencion personalizada
4741,0.7723,High,Visita urgente - oferta de retencion personalizada
5718,0.7716,High,Visita urgente - oferta de retencion personalizada
2514,0.7713,High,Visita urgente - oferta de retencion personalizada
1081,0.7711,High,Visita urgente - oferta de retencion personalizada
5233,0.7711,High,Visita urgente - oferta de retencion personalizada
594,0.7695,High,Visita urgente - oferta de retencion personalizada
55,0.768,High,Visita urgente - oferta de retencion personalizada
5741,0.7677,High,Visita urgente - oferta de retencion personalizada
3642,0.766,High,Visita urgente - oferta de retencion personalizada
6165,0.7657,High,Visita urgente - oferta de retencion personalizada
645,0.7654,High,Visita urgente - oferta de retencion personalizada
5993,0.7649,High,Visita urgente - oferta de retencion personalizada
1751,0.763,High,Visita urgente - oferta de retencion personalizada
392,0.762,High,Visita urgente - oferta de retencion personalizada
6283,0.7573,High,Visita urgente - oferta de retencion personalizada
4883,0.757,High,Visita urgente - oferta de retencion personalizada
3829,0.7564,High,Visita urgente - oferta de retencion personalizada
1456,0.7551,High,Visita urgente - oferta de retencion personalizada
948,0.7542,High,Visita urgente - oferta de retencion personalizada
5844,0.7542,High,Visita urgente - oferta de retencion personalizada
4322,0.7541,High,Visita urgente - oferta de retencion personalizada
5409,0.7538,High,Visita urgente - oferta de retencion personalizada
3431,0.7535,High,Visita urgente - oferta de retencion personalizada
1185,0.7524,High,Visita urgente - oferta de retencion personalizada
5801,0.7524,High,Visita urgente - oferta de retencion personalizada
232,0.7521,High,Visita urgente - oferta de retencion personalizada
1463,0.7509,High,Visita urgente - oferta de retencion personalizada
6550,0.7501,High,Visita urgente - oferta de retencion personalizada
6561,0.7483,High,Visita urgente - oferta de retencion personalizada
2485,0.7478,High,Visita urgente - oferta de retencion personalizada
3876,0.7472,High,Visita urgente - oferta de retencion personalizada
4503,0.7462,High,Visita urgente - oferta de retencion personalizada
1260,0.7451,High,Visita urgente - oferta de retencion personalizada
5675,0.7439,High,Visita urgente - oferta de retencion personalizada
2303,0.7412,High,Visita urgente - oferta de retencion personalizada
5863,0.7411,High,Visita urgente - oferta de retencion personalizada
2152,0.74,High,Visita urgente - oferta de retencion personalizada
2863,0.7398,High,Visita urgente - oferta de retencion personalizada
3510,0.7382,High,Visita urgente - oferta de retencion personalizada
4286,0.7356,High,Visita urgente - oferta de retencion personalizada
1772,0.7355,High,Visita urgente - oferta de retencion personalizada
3353,0.7346,High,Visita urgente - oferta de retencion personalizada
5031,0.7345,High,Visita urgente - oferta de retencion personalizada
5975,0.7333,High,Visita urgente - oferta de retencion personalizada
783,0.7323,High,Visita urgente - oferta de retencion personalizada
3916,0.7319,High,Visita urgente - oferta de retencion personalizada
2968,0.7309,High,Visita urgente - oferta de retencion personalizada
1434,0.7302,High,Visita urgente - oferta de retencion personalizada
2628,0.7299,High,Visita urgente - oferta de retencion personalizada
747,0.7251,High,Visita urgente - oferta de retencion personalizada
3485,0.725,High,Visita urgente - oferta de retencion personalizada
2970,0.7249,High,Visita urgente - oferta de retencion personalizada
4223,0.7247,High,Visita urgente - oferta de retencion personalizada
2334,0.7235,High,Visita urgente - oferta de retencion personalizada
2085,0.7232,High,Visita urgente - oferta de retencion personalizada
176,0.7213,High,Visita urgente - oferta de retencion personalizada
1730,0.7198,High,Visita urgente - oferta de retencion personalizada
2155,0.7179,High,Visita urgente - oferta de retencion personalizada
3864,0.7179,High,Visita urgente - oferta de retencion personalizada
2908,0.7179,High,Visita urgente - oferta de retencion personalizada
4900,0.7161,High,Visita urgente - oferta de retencion personalizada
6861,0.7154,High,Visita urgente - oferta de retencion personalizada
46,0.7151,High,Visita urgente - oferta de retencion personalizada
6462,0.7151,High,Visita urgente - oferta de retencion personalizada
3740,0.7141,High,Visita urgente - oferta de retencion personalizada
3673,0.7137,High,Visita urgente - oferta de retencion personalizada
99,0.7107,High,Visita urgente - oferta de retencion personalizada
5463,0.7096,High,Visita urgente - oferta de retencion personalizada
1898,0.7087,High,Visita urgente - oferta de retencion personalizada
178,0.7084,High,Visita urgente - oferta de retencion personalizada
1356,0.7077,High,Visita urgente - oferta de retencion personalizada
1071,0.7065,High,Visita urgente - oferta de retencion personalizada
4839,0.7061,High,Visita urgente - oferta de retencion personalizada
6192,0.7033,High,Visita urgente - oferta de retencion personalizada
5986,0.7023,High,Visita urgente - oferta de retencion personalizada
1245,0.7022,High,Visita urgente - oferta de retencion personalizada
6174,0.7021,High,Visita urgente - oferta de retencion personalizada
5556,0.7011,High,Visita urgente - oferta de retencion personalizada
3411,0.7,High,Visita urgente - oferta de retencion personalizada
3140,0.699,High,Visita urgente - oferta de retencion personalizada
2236,0.6984,High,Visita urgente - oferta de retencion personalizada
4405,0.6982,High,Visita urgente - oferta de retencion personalizada
6591,0.698,High,Visita urgente - oferta de retencion personalizada
1943,0.6978,High,Visita urgente - oferta de retencion personalizada
3364,0.6974,High,Visita urgente - oferta de retencion personalizada
5187,0.6958,High,Visita urgente - oferta de retencion personalizada
3679,0.6951,High,Visita urgente - oferta de retencion personalizada
6609,0.6951,High,Visita urgente - oferta de retencion personalizada
3081,0.695,High,Visita urgente - oferta de retencion personalizada
1707,0.6942,High,Visita urgente - oferta de retencion personalizada
4938,0.6933,High,Visita urgente - oferta de retencion personalizada
3792,0.6932,High,Visita urgente - oferta de retencion personalizada
1813,0.6925,High,Visita urgente - oferta de retencion personalizada
4146,0.6923,High,Visita urgente - oferta de retencion personalizada
5119,0.6908,High,Visita urgente - oferta de retencion personalizada
1808,0.6895,High,Visita urgente - oferta de retencion personalizada
773,0.6888,High,Visita urgente - oferta de retencion personalizada
6109,0.6881,High,Visita urgente - oferta de retencion personalizada
1029,0.6873,High,Visita urgente - oferta de retencion personalizada
2260,0.6863,High,Visita urgente - oferta de retencion personalizada
5306,0.6858,High,Visita urgente - oferta de retencion personalizada
5698,0.6858,High,Visita urgente - oferta de retencion personalizada
6241,0.6832,High,Visita urgente - oferta de retencion personalizada
3975,0.6826,High,Visita urgente - oferta de retencion personalizada
4753,0.6824,High,Visita urgente - oferta de retencion personalizada
5732,0.6823,High,Visita urgente - oferta de retencion personalizada
4673,0.6823,High,Visita urgente - oferta de retencion personalizada
927,0.6821,High,Visita urgente - oferta de retencion personalizada
3928,0.682,High,Visita urgente - oferta de retencion personalizada
885,0.682,High,Visita urgente - oferta de retencion personalizada
3778,0.682,High,Visita urgente - oferta de retencion personalizada
2802,0.6814,High,Visita urgente - oferta de retencion personalizada
6563,0.681,High,Visita urgente - oferta de retencion personalizada
3918,0.6808,High,Visita urgente - oferta de retencion personalizada
5123,0.6806,High,Visita urgente - oferta de retencion personalizada
6172,0.6803,High,Visita urgente - oferta de retencion personalizada
6146,0.6788,High,Visita urgente - oferta de retencion personalizada
6727,0.6783,High,Visita urgente - oferta de retencion personalizada
5630,0.677,High,Visita urgente - oferta de retencion personalizada
4986,0.6768,High,Visita urgente - oferta de retencion personalizada
2931,0.6762,High,Visita urgente - oferta de retencion personalizada
2145,0.6751,High,Visita urgente - oferta de retencion personalizada
4293,0.6731,High,Visita urgente - oferta de retencion personalizada
723,0.6729,High,Visita urgente - oferta de retencion personalizada
6100,0.6714,High,Visita urgente - oferta de retencion personalizada
3766,0.6714,High,Visita urgente - oferta de retencion personalizada
3545,0.6708,High,Visita urgente - oferta de retencion personalizada
4478,0.6706,High,Visita urgente - oferta de retencion personalizada
2651,0.6687,High,Visita urgente - oferta de retencion personalizada
985,0.6686,High,Visita urgente - oferta de retencion personalizada
329,0.6679,High,Visita urgente - oferta de retencion personalizada
6177,0.6642,High,Visita urgente - oferta de retencion personalizada
2086,0.6631,High,Visita urgente - oferta de retencion personalizada
2960,0.6629,High,Visita urgente - oferta de retencion personalizada
758,0.6585,High,Visita urgente - oferta de retencion personalizada
5146,0.6558,High,Visita urgente - oferta de retencion personalizada
1261,0.6557,High,Visita urgente - oferta de retencion personalizada
5235,0.6546,High,Visita urgente - oferta de retencion personalizada
3330,0.6545,High,Visita urgente - oferta de retencion personalizada
3362,0.6543,High,Visita urgente - oferta de retencion personalizada
50,0.6537,High,Visita urgente - oferta de retencion personalizada
4978,0.6527,High,Visita urgente - oferta de retencion personalizada
60,0.6526,High,Visita urgente - oferta de retencion personalizada
6043,0.6515,High,Visita urgente - oferta de retencion personalizada
6756,0.6502,High,Visita urgente - oferta de retencion personalizada
2202,0.6498,High,Visita urgente - oferta de retencion personalizada
5064,0.6497,High,Visita urgente - oferta de retencion personalizada
2219,0.649,High,Visita urgente - oferta de retencion personalizada
6960,0.6457,High,Visita urgente - oferta de retencion personalizada
864,0.6456,High,Visita urgente - oferta de retencion personalizada
2153,0.6449,High,Visita urgente - oferta de retencion personalizada
5495,0.6446,High,Visita urgente - oferta de retencion personalizada
1504,0.6437,High,Visita urgente - oferta de retencion personalizada
4825,0.6425,High,Visita urgente - oferta de retencion personalizada
4404,0.6421,High,Visita urgente - oferta de retencion personalizada
4928,0.641,High,Visita urgente - oferta de retencion personalizada
5516,0.6406,High,Visita urgente - oferta de retencion personalizada
3696,0.64,High,Visita urgente - oferta de retencion personalizada
3222,0.6399,High,Visita urgente - oferta de retencion personalizada
6339,0.6397,High,Visita urgente - oferta de retencion personalizada
6151,0.6391,High,Visita urgente - oferta de retencion personalizada
3902,0.6389,High,Visita urgente - oferta de retencion personalizada
4050,0.6381,High,Visita urgente - oferta de retencion personalizada
2873,0.6379,High,Visita urgente - oferta de retencion personalizada
4798,0.6378,High,Visita urgente - oferta de retencion personalizada
498,0.6358,High,Visita urgente - oferta de retencion personalizada
5485,0.6342,High,Visita urgente - oferta de retencion personalizada
3259,0.6338,High,Visita urgente - oferta de retencion personalizada
1160,0.6326,High,Visita urgente - oferta de retencion personalizada
492,0.6303,High,Visita urgente - oferta de retencion personalizada
3726,0.6298,High,Visita urgente - oferta de retencion personalizada
5286,0.6288,High,Visita urgente - oferta de retencion personalizada
4359,0.6285,High,Visita urgente - oferta de retencion personalizada
2024,0.6278,High,Visita urgente - oferta de retencion personalizada
421,0.6273,High,Visita urgente - oferta de retencion personalizada
6909,0.6273,High,Visita urgente - oferta de retencion personalizada
5748,0.6262,High,Visita urgente - oferta de retencion personalizada
5352,0.6262,High,Visita urgente - oferta de retencion personalizada
4431,0.6253,High,Visita urgente - oferta de retencion personalizada
3910,0.6241,High,Visita urgente - oferta de retencion personalizada
3525,0.624,High,Visita urgente - oferta de retencion personalizada
5967,0.6237,High,Visita urgente - oferta de retencion personalizada
6084,0.6219,High,Visita urgente - oferta de retencion personalizada
6533,0.6216,High,Visita urgente - oferta de retencion personalizada
1338,0.6214,High,Visita urgente - oferta de retencion personalizada
6428,0.6199,High,Visita urgente - oferta de retencion personalizada
4811,0.6196,High,Visita urgente - oferta de retencion personalizada
4183,0.6192,High,Visita urgente - oferta de retencion personalizada
3119,0.6178,High,Visita urgente - oferta de retencion personalizada
3164,0.6169,High,Visita urgente - oferta de retencion personalizada
5387,0.6147,High,Visita urgente - oferta de retencion personalizada
3811,0.6136,High,Visita urgente - oferta de retencion personalizada
2504,0.6131,High,Visita urgente - oferta de retencion personalizada
5600,0.6121,High,Visita urgente - oferta de retencion personalizada
339,0.6117,High,Visita urgente - oferta de retencion personalizada
1934,0.6108,High,Visita urgente - oferta de retencion personalizada
3958,0.6082,High,Visita urgente - oferta de retencion personalizada
1811,0.6075,High,Visita urgente - oferta de retencion personalizada
4451,0.6048,High,Visita urgente - oferta de retencion personalizada
2323,0.6044,High,Visita urgente - oferta de retencion personalizada
177,0.604,High,Visita urgente - oferta de retencion personalizada
6230,0.6028,High,Visita urgente - oferta de retencion personalizada
2399,0.6017,High,Visita urgente - oferta de retencion personalizada
3802,0.6016,High,Visita urgente - oferta de retencion personalizada
4564,0.6016,High,Visita urgente - oferta de retencion personalizada
7035,0.6003,High,Visita urgente - oferta de retencion personalizada
440,0.5979,Medium,Contacto proactivo - revision de contrato
5663,0.5972,Medium,Contacto proactivo - revision de contrato
4213,0.5969,Medium,Contacto proactivo - revision de contrato
2243,0.594,Medium,Contacto proactivo - revision de contrato
3584,0.5917,Medium,Contacto proactivo - revision de contrato
1336,0.5904,Medium,Contacto proactivo - revision de contrato
5384,0.59,Medium,Contacto proactivo - revision de contrato
6999,0.5887,Medium,Contacto proactivo - revision de contrato
6458,0.5878,Medium,Contacto proactivo - revision de contrato
3484,0.5866,Medium,Contacto proactivo - revision de contrato
713,0.5857,Medium,Contacto proactivo - revision de contrato
1173,0.5853,Medium,Contacto proactivo - revision de contrato
6885,0.5852,Medium,Contacto proactivo - revision de contrato
6399,0.5846,Medium,Contacto proactivo - revision de contrato
701,0.5841,Medium,Contacto proactivo - revision de contrato
947,0.584,Medium,Contacto proactivo - revision de contrato
6804,0.584,Medium,Contacto proactivo - revision de contrato
1028,0.5829,Medium,Contacto proactivo - revision de contrato
2673,0.5829,Medium,Contacto proactivo - revision de contrato
5386,0.581,Medium,Contacto proactivo - revision de contrato
1838,0.5789,Medium,Contacto proactivo - revision de contrato
4912,0.5772,Medium,Contacto proactivo - revision de contrato
2650,0.5764,Medium,Contacto proactivo - revision de contrato
2278,0.5751,Medium,Contacto proactivo - revision de contrato
5603,0.5728,Medium,Contacto proactivo - revision de contrato
1294,0.5726,Medium,Contacto proactivo - revision de contrato
5749,0.5718,Medium,Contacto proactivo - revision de contrato
2087,0.5696,Medium,Contacto proactivo - revision de contrato
1655,0.5685,Medium,Contacto proactivo - revision de contrato
6821,0.5658,Medium,Contacto proactivo - revision de contrato
6141,0.565,Medium,Contacto proactivo - revision de contrato
6952,0.5641,Medium,Contacto proactivo - revision de contrato
765,0.5637,Medium,Contacto proactivo - revision de contrato
2642,0.5625,Medium,Contacto proactivo - revision de contrato
4242,0.5615,Medium,Contacto proactivo - revision de contrato
798,0.5611,Medium,Contacto proactivo - revision de contrato
3458,0.5609,Medium,Contacto proactivo - revision de contrato
4891,0.5595,Medium,Contacto proactivo - revision de contrato
415,0.5568,Medium,Contacto proactivo - revision de contrato
3035,0.5559,Medium,Contacto proactivo - revision de contrato
4948,0.5558,Medium,Contacto proactivo - revision de contrato
3410,0.5544,Medium,Contacto proactivo - revision de contrato
1427,0.5544,Medium,Contacto proactivo - revision de contrato
2328,0.5498,Medium,Contacto proactivo - revision de contrato
5651,0.5473,Medium,Contacto proactivo - revision de contrato
924,0.5471,Medium,Contacto proactivo - revision de contrato
4377,0.5445,Medium,Contacto proactivo - revision de contrato
1402,0.5445,Medium,Contacto proactivo - revision de contrato
161,0.5427,Medium,Contacto proactivo - revision de contrato
600,0.5409,Medium,Contacto proactivo - revision de contrato
3016,0.5408,Medium,Contacto proactivo - revision de contrato
4254,0.5405,Medium,Contacto proactivo - revision de contrato
4045,0.5405,Medium,Contacto proactivo - revision de contrato
2709,0.5378,Medium,Contacto proactivo - revision de contrato
397,0.5377,Medium,Contacto proactivo - revision de contrato
3289,0.5364,Medium,Contacto proactivo - revision de contrato
6156,0.5309,Medium,Contacto proactivo - revision de contrato
5894,0.5309,Medium,Contacto proactivo - revision de contrato
2428,0.5291,Medium,Contacto proactivo - revision de contrato
3262,0.5289,Medium,Contacto proactivo - revision de contrato
5862,0.5265,Medium,Contacto proactivo - revision de contrato
6,0.5261,Medium,Contacto proactivo - revision de contrato
3498,0.525,Medium,Contacto proactivo - revision de contrato
1102,0.5247,Medium,Contacto proactivo - revision de contrato
6891,0.5243,Medium,Contacto proactivo - revision de contrato
7013,0.5234,Medium,Contacto proactivo - revision de contrato
1299,0.522,Medium,Contacto proactivo - revision de contrato
1987,0.5206,Medium,Contacto proactivo - revision de contrato
6961,0.5201,Medium,Contacto proactivo - revision de contrato
1939,0.5201,Medium,Contacto proactivo - revision de contrato
6271,0.5197,Medium,Contacto proactivo - revision de contrato
1952,0.5171,Medium,Contacto proactivo - revision de contrato
3302,0.5141,Medium,Contacto proactivo - revision de contrato
710,0.5135,Medium,Contacto proactivo - revision de contrato
81,0.5133,Medium,Contacto proactivo - revision de contrato
1099,0.5132,Medium,Contacto proactivo - revision de contrato
2606,0.512,Medium,Contacto proactivo - revision de contrato
3600,0.5119,Medium,Contacto proactivo - revision de contrato
75,0.5115,Medium,Contacto proactivo - revision de contrato
6381,0.5115,Medium,Contacto proactivo - revision de contrato
3698,0.5083,Medium,Contacto proactivo - revision de contrato
4542,0.5059,Medium,Contacto proactivo - revision de contrato
2590,0.5043,Medium,Contacto proactivo - revision de contrato
2175,0.5023,Medium,Contacto proactivo - revision de contrato
2962,0.5011,Medium,Contacto proactivo - revision de contrato
4730,0.5002,Medium,Contacto proactivo - revision de contrato
4309,0.4977,Medium,Contacto proactivo - revision de contrato
4199,0.4975,Medium,Contacto proactivo - revision de contrato
6017,0.4949,Medium,Contacto proactivo - revision de contrato
1414,0.4946,Medium,Contacto proactivo - revision de contrato
5891,0.4938,Medium,Contacto proactivo - revision de contrato
1188,0.4935,Medium,Contacto proactivo - revision de contrato
942,0.493,Medium,Contacto proactivo - revision de contrato
479,0.4912,Medium,Contacto proactivo - revision de contrato
4460,0.4905,Medium,Contacto proactivo - revision de contrato
6677,0.4904,Medium,Contacto proactivo - revision de contrato
2877,0.4896,Medium,Contacto proactivo - revision de contrato
2480,0.4886,Medium,Contacto proactivo - revision de contrato
768,0.4885,Medium,Contacto proactivo - revision de contrato
523,0.4868,Medium,Contacto proactivo - revision de contrato
3191,0.4854,Medium,Contacto proactivo - revision de contrato
3236,0.4837,Medium,Contacto proactivo - revision de contrato
2031,0.4832,Medium,Contacto proactivo - revision de contrato
4792,0.4826,Medium,Contacto proactivo - revision de contrato
4421,0.4789,Medium,Contacto proactivo - revision de contrato
101,0.4782,Medium,Contacto proactivo - revision de contrato
2850,0.4781,Medium,Contacto proactivo - revision de contrato
4123,0.478,Medium,Contacto proactivo - revision de contrato
2012,0.4763,Medium,Contacto proactivo - revision de contrato
1858,0.4752,Medium,Contacto proactivo - revision de contrato
1569,0.475,Medium,Contacto proactivo - revision de contrato
4720,0.4749,Medium,Contacto proactivo - revision de contrato
200,0.4747,Medium,Contacto proactivo - revision de contrato
887,0.4747,Medium,Contacto proactivo - revision de contrato
1273,0.4723,Medium,Contacto proactivo - revision de contrato
3874,0.4717,Medium,Contacto proactivo - revision de contrato
6113,0.471,Medium,Contacto proactivo - revision de contrato
3869,0.4709,Medium,Contacto proactivo - revision de contrato
957,0.4689,Medium,Contacto proactivo - revision de contrato
5244,0.4681,Medium,Contacto proactivo - revision de contrato
3228,0.468,Medium,Contacto proactivo - revision de contrato
1865,0.4672,Medium,Contacto proactivo - revision de contrato
3865,0.4665,Medium,Contacto proactivo - revision de contrato
2157,0.4657,Medium,Contacto proactivo - revision de contrato
4936,0.4632,Medium,Contacto proactivo - revision de contrato
3453,0.463,Medium,Contacto proactivo - revision de contrato
2997,0.4624,Medium,Contacto proactivo - revision de contrato
4381,0.4623,Medium,Contacto proactivo - revision de contrato
1644,0.4622,Medium,Contacto proactivo - revision de contrato
2122,0.4622,Medium,Contacto proactivo - revision de contrato
6551,0.4617,Medium,Contacto proactivo - revision de contrato
1230,0.46,Medium,Contacto proactivo - revision de contrato
1749,0.4596,Medium,Contacto proactivo - revision de contrato
1801,0.4589,Medium,Contacto proactivo - revision de contrato
2604,0.4589,Medium,Contacto proactivo - revision de contrato
5203,0.4589,Medium,Contacto proactivo - revision de contrato
1523,0.4577,Medium,Contacto proactivo - revision de contrato
6517,0.4575,Medium,Contacto proactivo - revision de contrato
414,0.4567,Medium,Contacto proactivo - revision de contrato
1425,0.4563,Medium,Contacto proactivo - revision de contrato
2773,0.456,Medium,Contacto proactivo - revision de contrato
2944,0.4554,Medium,Contacto proactivo - revision de contrato
1664,0.4546,Medium,Contacto proactivo - revision de contrato
1499,0.4545,Medium,Contacto proactivo - revision de contrato
6016,0.453,Medium,Contacto proactivo - revision de contrato
4275,0.4508,Medium,Contacto proactivo - revision de contrato
3662,0.4503,Medium,Contacto proactivo - revision de contrato
6312,0.4491,Medium,Contacto proactivo - revision de contrato
2687,0.4472,Medium,Contacto proactivo - revision de contrato
3009,0.4469,Medium,Contacto proactivo - revision de contrato
6035,0.4413,Medium,Contacto proactivo - revision de contrato
6797,0.4364,Medium,Contacto proactivo - revision de contrato
520,0.4362,Medium,Contacto proactivo - revision de contrato
2162,0.4342,Medium,Contacto proactivo - revision de contrato
960,0.4335,Medium,Contacto proactivo - revision de contrato
703,0.4331,Medium,Contacto proactivo - revision de contrato
661,0.433,Medium,Contacto proactivo - revision de contrato
5951,0.4322,Medium,Contacto proactivo - revision de contrato
6883,0.4321,Medium,Contacto proactivo - revision de contrato
3047,0.4309,Medium,Contacto proactivo - revision de contrato
1737,0.4291,Medium,Contacto proactivo - revision de contrato
2736,0.4291,Medium,Contacto proactivo - revision de contrato
6120,0.429,Medium,Contacto proactivo - revision de contrato
5877,0.4266,Medium,Contacto proactivo - revision de contrato
5166,0.4257,Medium,Contacto proactivo - revision de contrato
4325,0.4251,Medium,Contacto proactivo - revision de contrato
2426,0.4249,Medium,Contacto proactivo - revision de contrato
4983,0.4245,Medium,Contacto proactivo - revision de contrato
5221,0.4224,Medium,Contacto proactivo - revision de contrato
4680,0.4221,Medium,Contacto proactivo - revision de contrato
6600,0.4208,Medium,Contacto proactivo - revision de contrato
2640,0.4207,Medium,Contacto proactivo - revision de contrato
903,0.4206,Medium,Contacto proactivo - revision de contrato
1603,0.4204,Medium,Contacto proactivo - revision de contrato
2940,0.4201,Medium,Contacto proactivo - revision de contrato
3022,0.4186,Medium,Contacto proactivo - revision de contrato
4052,0.4176,Medium,Contacto proactivo - revision de contrato
3245,0.4175,Medium,Contacto proactivo - revision de contrato
6870,0.4161,Medium,Contacto proactivo - revision de contrato
1962,0.4145,Medium,Contacto proactivo - revision de contrato
6986,0.4144,Medium,Contacto proactivo - revision de contrato
1673,0.4144,Medium,Contacto proactivo - revision de contrato
1476,0.4143,Medium,Contacto proactivo - revision de contrato
1927,0.4138,Medium,Contacto proactivo - revision de contrato
4596,0.4133,Medium,Contacto proactivo - revision de contrato
1469,0.4127,Medium,Contacto proactivo - revision de contrato
4675,0.4117,Medium,Contacto proactivo - revision de contrato
4561,0.4114,Medium,Contacto proactivo - revision de contrato
5958,0.41,Medium,Contacto proactivo - revision de contrato
4660,0.4096,Medium,Contacto proactivo - revision de contrato
2549,0.4092,Medium,Contacto proactivo - revision de contrato
4529,0.4084,Medium,Contacto proactivo - revision de contrato
1228,0.4074,Medium,Contacto proactivo - revision de contrato
6057,0.4072,Medium,Contacto proactivo - revision de contrato
458,0.4047,Medium,Contacto proactivo - revision de contrato
1171,0.4029,Medium,Contacto proactivo - revision de contrato
1043,0.4028,Medium,Contacto proactivo - revision de contrato
715,0.4024,Medium,Contacto proactivo - revision de contrato
2542,0.3997,Medium,Contacto proactivo - revision de contrato
2767,0.3995,Medium,Contacto proactivo - revision de contrato
2625,0.3982,Medium,Contacto proactivo - revision de contrato
4604,0.3981,Medium,Contacto proactivo - revision de contrato
1820,0.3979,Medium,Contacto proactivo - revision de contrato
2904,0.3969,Medium,Contacto proactivo - revision de contrato
1648,0.3963,Medium,Contacto proactivo - revision de contrato
1067,0.3954,Medium,Contacto proactivo - revision de contrato
4265,0.3949,Medium,Contacto proactivo - revision de contrato
5147,0.3947,Medium,Contacto proactivo - revision de contrato
2989,0.3945,Medium,Contacto proactivo - revision de contrato
1913,0.3937,Medium,Contacto proactivo - revision de contrato
6158,0.393,Medium,Contacto proactivo - revision de contrato
3875,0.3928,Medium,Contacto proactivo - revision de contrato
3028,0.3915,Medium,Contacto proactivo - revision de contrato
2056,0.3907,Medium,Contacto proactivo - revision de contrato
5806,0.3906,Medium,Contacto proactivo - revision de contrato
6279,0.3903,Medium,Contacto proactivo - revision de contrato
5218,0.3882,Medium,Contacto proactivo - revision de contrato
6058,0.388,Medium,Contacto proactivo - revision de contrato
5904,0.3876,Medium,Contacto proactivo - revision de contrato
4874,0.3866,Medium,Contacto proactivo - revision de contrato
4457,0.3864,Medium,Contacto proactivo - revision de contrato
6849,0.3864,Medium,Contacto proactivo - revision de contrato
6031,0.3863,Medium,Contacto proactivo - revision de contrato
6644,0.3855,Medium,Contacto proactivo - revision de contrato
1014,0.3838,Medium,Contacto proactivo - revision de contrato
4348,0.3837,Medium,Contacto proactivo - revision de contrato
3588,0.3831,Medium,Contacto proactivo - revision de contrato
5118,0.3825,Medium,Contacto proactivo - revision de contrato
579,0.3823,Medium,Contacto proactivo - revision de contrato
4268,0.382,Medium,Contacto proactivo - revision de contrato
6351,0.3815,Medium,Contacto proactivo - revision de contrato
5910,0.3814,Medium,Contacto proactivo - revision de contrato
4982,0.3808,Medium,Contacto proactivo - revision de contrato
4475,0.3803,Medium,Contacto proactivo - revision de contrato
2313,0.3803,Medium,Contacto proactivo - revision de contrato
3153,0.3796,Medium,Contacto proactivo - revision de contrato
5968,0.3789,Medium,Contacto proactivo - revision de contrato
1318,0.3785,Medium,Contacto proactivo - revision de contrato
4151,0.3782,Medium,Contacto proactivo - revision de contrato
2996,0.3781,Medium,Contacto proactivo - revision de contrato
3127,0.3775,Medium,Contacto proactivo - revision de contrato
4375,0.3767,Medium,Contacto proactivo - revision de contrato
3660,0.3767,Medium,Contacto proactivo - revision de contrato
325,0.3754,Medium,Contacto proactivo - revision de contrato
5137,0.3745,Medium,Contacto proactivo - revision de contrato
953,0.3722,Medium,Contacto proactivo - revision de contrato
2961,0.3712,Medium,Contacto proactivo - revision de contrato
5851,0.3708,Medium,Contacto proactivo - revision de contrato
4915,0.3705,Medium,Contacto proactivo - revision de contrato
4849,0.3698,Medium,Contacto proactivo - revision de contrato
4416,0.3696,Medium,Contacto proactivo - revision de contrato
3055,0.3694,Medium,Contacto proactivo - revision de contrato
2266,0.3689,Medium,Contacto proactivo - revision de contrato
5313,0.3681,Medium,Contacto proactivo - revision de contrato
5316,0.3678,Medium,Contacto proactivo - revision de contrato
4875,0.367,Medium,Contacto proactivo - revision de contrato
5490,0.3664,Medium,Contacto proactivo - revision de contrato
617,0.3659,Medium,Contacto proactivo - revision de contrato
2890,0.3658,Medium,Contacto proactivo - revision de contrato
630,0.3658,Medium,Contacto proactivo - revision de contrato
5414,0.3648,Medium,Contacto proactivo - revision de contrato
873,0.3643,Medium,Contacto proactivo - revision de contrato
2937,0.3637,Medium,Contacto proactivo - revision de contrato
4401,0.3631,Medium,Contacto proactivo - revision de contrato
2437,0.3629,Medium,Contacto proactivo - revision de contrato
2049,0.3626,Medium,Contacto proactivo - revision de contrato
569,0.3625,Medium,Contacto proactivo - revision de contrato
4857,0.3624,Medium,Contacto proactivo - revision de contrato
3157,0.3623,Medium,Contacto proactivo - revision de contrato
6167,0.3612,Medium,Contacto proactivo - revision de contrato
5969,0.3609,Medium,Contacto proactivo - revision de contrato
2553,0.3593,Medium,Contacto proactivo - revision de contrato
4658,0.3573,Medium,Contacto proactivo - revision de contrato
2198,0.3572,Medium,Contacto proactivo - revision de contrato
6175,0.3568,Medium,Contacto proactivo - revision de contrato
5779,0.3565,Medium,Contacto proactivo - revision de contrato
3624,0.3562,Medium,Contacto proactivo - revision de contrato
6247,0.3559,Medium,Contacto proactivo - revision de contrato
6405,0.3557,Medium,Contacto proactivo - revision de contrato
547,0.3548,Medium,Contacto proactivo - revision de contrato
986,0.3543,Medium,Contacto proactivo - revision de contrato
3148,0.3533,Medium,Contacto proactivo - revision de contrato
897,0.3523,Medium,Contacto proactivo - revision de contrato
2329,0.3523,Medium,Contacto proactivo - revision de contrato
6127,0.3521,Medium,Contacto proactivo - revision de contrato
3861,0.3508,Medium,Contacto proactivo - revision de contrato
3947,0.3504,Medium,Contacto proactivo - revision de contrato
2096,0.3504,Medium,Contacto proactivo - revision de contrato
1181,0.3504,Medium,Contacto proactivo - revision de contrato
3648,0.3485,Medium,Contacto proactivo - revision de contrato
63,0.3482,Medium,Contacto proactivo - revision de contrato
2417,0.3467,Medium,Contacto proactivo - revision de contrato
1966,0.3466,Medium,Contacto proactivo - revision de contrato
6253,0.3466,Medium,Contacto proactivo - revision de contrato
3586,0.3452,Medium,Contacto proactivo - revision de contrato
3314,0.3432,Medium,Contacto proactivo - revision de contrato
384,0.3399,Medium,Contacto proactivo - revision de contrato
4896,0.3388,Medium,Contacto proactivo - revision de contrato
1150,0.335,Medium,Contacto proactivo - revision de contrato
4684,0.3339,Medium,Contacto proactivo - revision de contrato
5151,0.3332,Medium,Contacto proactivo - revision de contrato
2958,0.3329,Medium,Contacto proactivo - revision de contrato
3460,0.3321,Medium,Contacto proactivo - revision de contrato
3794,0.3301,Medium,Contacto proactivo - revision de contrato
2785,0.3299,Medium,Contacto proactivo - revision de contrato
1733,0.3298,Medium,Contacto proactivo - revision de contrato
2763,0.3296,Medium,Contacto proactivo - revision de contrato
521,0.3283,Medium,Contacto proactivo - revision de contrato
6186,0.3277,Medium,Contacto proactivo - revision de contrato
1394,0.3277,Medium,Contacto proactivo - revision de contrato
3571,0.3277,Medium,Contacto proactivo - revision de contrato
6526,0.3277,Medium,Contacto proactivo - revision de contrato
3936,0.3274,Medium,Contacto proactivo - revision de contrato
2992,0.3265,Medium,Contacto proactivo - revision de contrato
422,0.3259,Medium,Contacto proactivo - revision de contrato
2804,0.324,Medium,Contacto proactivo - revision de contrato
5911,0.3221,Medium,Contacto proactivo - revision de contrato
5737,0.3218,Medium,Contacto proactivo - revision de contrato
483,0.3212,Medium,Contacto proactivo - revision de contrato
3860,0.3208,Medium,Contacto proactivo - revision de contrato
719,0.3184,Medium,Contacto proactivo - revision de contrato
315,0.3178,Medium,Contacto proactivo - revision de contrato
4688,0.3177,Medium,Contacto proactivo - revision de contrato
4120,0.3165,Medium,Contacto proactivo - revision de contrato
2237,0.3162,Medium,Contacto proactivo - revision de contrato
3948,0.3155,Medium,Contacto proactivo - revision de contrato
752,0.3149,Medium,Contacto proactivo - revision de contrato
1220,0.3149,Medium,Contacto proactivo - revision de contrato
4840,0.3144,Medium,Contacto proactivo - revision de contrato
912,0.3139,Medium,Contacto proactivo - revision de contrato
3443,0.3121,Medium,Contacto proactivo - revision de contrato
2747,0.311,Medium,Contacto proactivo - revision de contrato
6418,0.3102,Medium,Contacto proactivo - revision de contrato
6805,0.3088,Medium,Contacto proactivo - revision de contrato
6893,0.3087,Medium,Contacto proactivo - revision de contrato
300,0.3084,Medium,Contacto proactivo - revision de contrato
1204,0.3084,Medium,Contacto proactivo - revision de contrato
1484,0.308,Medium,Contacto proactivo - revision de contrato
1497,0.3078,Medium,Contacto proactivo - revision de contrato
5646,0.3077,Medium,Contacto proactivo - revision de contrato
4941,0.3075,Medium,Contacto proactivo - revision de contrato
609,0.3058,Medium,Contacto proactivo - revision de contrato
2810,0.3046,Medium,Contacto proactivo - revision de contrato
4527,0.3044,Medium,Contacto proactivo - revision de contrato
106,0.3028,Medium,Contacto proactivo - revision de contrato
4992,0.3024,Medium,Contacto proactivo - revision de contrato
1922,0.3022,Medium,Contacto proactivo - revision de contrato
3174,0.3008,Medium,Contacto proactivo - revision de contrato
2886,0.3002,Medium,Contacto proactivo - revision de contrato
2534,0.2999,Low,Mantenimiento - comunicacion periodica
6844,0.2988,Low,Mantenimiento - comunicacion periodica
4897,0.2983,Low,Mantenimiento - comunicacion periodica
3117,0.2975,Low,Mantenimiento - comunicacion periodica
93,0.2958,Low,Mantenimiento - comunicacion periodica
6255,0.2938,Low,Mantenimiento - comunicacion periodica
6934,0.2926,Low,Mantenimiento - comunicacion periodica
3880,0.2922,Low,Mantenimiento - comunicacion periodica
2801,0.2915,Low,Mantenimiento - comunicacion periodica
6722,0.2913,Low,Mantenimiento - comunicacion periodica
2421,0.2897,Low,Mantenimiento - comunicacion periodica
3197,0.2896,Low,Mantenimiento - comunicacion periodica
1306,0.288,Low,Mantenimiento - comunicacion periodica
368,0.2878,Low,Mantenimiento - comunicacion periodica
6905,0.2877,Low,Mantenimiento - comunicacion periodica
225,0.2872,Low,Mantenimiento - comunicacion periodica
366,0.2871,Low,Mantenimiento - comunicacion periodica
5142,0.287,Low,Mantenimiento - comunicacion periodica
4085,0.2866,Low,Mantenimiento - comunicacion periodica
2647,0.2859,Low,Mantenimiento - comunicacion periodica
2914,0.2846,Low,Mantenimiento - comunicacion periodica
1259,0.2838,Low,Mantenimiento - comunicacion periodica
4235,0.2818,Low,Mantenimiento - comunicacion periodica
1091,0.2813,Low,Mantenimiento - comunicacion periodica
1626,0.281,Low,Mantenimiento - comunicacion periodica
1496,0.2806,Low,Mantenimiento - comunicacion periodica
3744,0.28,Low,Mantenimiento - comunicacion periodica
2769,0.2792,Low,Mantenimiento - comunicacion periodica
1257,0.2784,Low,Mantenimiento - comunicacion periodica
3636,0.2764,Low,Mantenimiento - comunicacion periodica
1183,0.276,Low,Mantenimiento - comunicacion periodica
3013,0.2726,Low,Mantenimiento - comunicacion periodica
490,0.2715,Low,Mantenimiento - comunicacion periodica
236,0.2712,Low,Mantenimiento - comunicacion periodica
5865,0.271,Low,Mantenimiento - comunicacion periodica
4195,0.2707,Low,Mantenimiento - comunicacion periodica
5443,0.2702,Low,Mantenimiento - comunicacion periodica
3126,0.2692,Low,Mantenimiento - comunicacion periodica
77,0.2683,Low,Mantenimiento - comunicacion periodica
380,0.2678,Low,Mantenimiento - comunicacion periodica
4145,0.2666,Low,Mantenimiento - comunicacion periodica
6973,0.2664,Low,Mantenimiento - comunicacion periodica
817,0.2663,Low,Mantenimiento - comunicacion periodica
3316,0.2661,Low,Mantenimiento - comunicacion periodica
4968,0.265,Low,Mantenimiento - comunicacion periodica
5765,0.265,Low,Mantenimiento - comunicacion periodica
6415,0.2648,Low,Mantenimiento - comunicacion periodica
2624,0.2641,Low,Mantenimiento - comunicacion periodica
5265,0.2637,Low,Mantenimiento - comunicacion periodica
3217,0.2632,Low,Mantenimiento - comunicacion periodica
796,0.2626,Low,Mantenimiento - comunicacion periodica
1078,0.2623,Low,Mantenimiento - comunicacion periodica
3668,0.2622,Low,Mantenimiento - comunicacion periodica
1842,0.2596,Low,Mantenimiento - comunicacion periodica
5744,0.259,Low,Mantenimiento - comunicacion periodica
488,0.2586,Low,Mantenimiento - comunicacion periodica
230,0.2585,Low,Mantenimiento - comunicacion periodica
5094,0.2583,Low,Mantenimiento - comunicacion periodica
2657,0.2572,Low,Mantenimiento - comunicacion periodica
6098,0.2552,Low,Mantenimiento - comunicacion periodica
6142,0.2551,Low,Mantenimiento - comunicacion periodica
3870,0.255,Low,Mantenimiento - comunicacion periodica
3820,0.2546,Low,Mantenimiento - comunicacion periodica
1727,0.2524,Low,Mantenimiento - comunicacion periodica
1856,0.252,Low,Mantenimiento - comunicacion periodica
641,0.2514,Low,Mantenimiento - comunicacion periodica
5349,0.2514,Low,Mantenimiento - comunicacion periodica
5667,0.2505,Low,Mantenimiento - comunicacion periodica
5324,0.2504,Low,Mantenimiento - comunicacion periodica
4250,0.2503,Low,Mantenimiento - comunicacion periodica
2731,0.2501,Low,Mantenimiento - comunicacion periodica
624,0.2498,Low,Mantenimiento - comunicacion periodica
4838,0.2494,Low,Mantenimiento - comunicacion periodica
5913,0.2492,Low,Mantenimiento - comunicacion periodica
226,0.2492,Low,Mantenimiento - comunicacion periodica
3105,0.2482,Low,Mantenimiento - comunicacion periodica
2404,0.2472,Low,Mantenimiento - comunicacion periodica
6269,0.2466,Low,Mantenimiento - comunicacion periodica
357,0.2458,Low,Mantenimiento - comunicacion periodica
6233,0.245,Low,Mantenimiento - comunicacion periodica
1515,0.2449,Low,Mantenimiento - comunicacion periodica
1573,0.244,Low,Mantenimiento - comunicacion periodica
2113,0.2434,Low,Mantenimiento - comunicacion periodica
2011,0.2424,Low,Mantenimiento - comunicacion periodica
1449,0.2424,Low,Mantenimiento - comunicacion periodica
4937,0.2421,Low,Mantenimiento - comunicacion periodica
938,0.2421,Low,Mantenimiento - comunicacion periodica
2209,0.2419,Low,Mantenimiento - comunicacion periodica
2374,0.2411,Low,Mantenimiento - comunicacion periodica
6576,0.2405,Low,Mantenimiento - comunicacion periodica
296,0.2398,Low,Mantenimiento - comunicacion periodica
6209,0.2394,Low,Mantenimiento - comunicacion periodica
4609,0.239,Low,Mantenimiento - comunicacion periodica
2203,0.2379,Low,Mantenimiento - comunicacion periodica
2764,0.2372,Low,Mantenimiento - comunicacion periodica
5660,0.2371,Low,Mantenimiento - comunicacion periodica
6260,0.2369,Low,Mantenimiento - comunicacion periodica
1368,0.2368,Low,Mantenimiento - comunicacion periodica
1444,0.2359,Low,Mantenimiento - comunicacion periodica
6072,0.2357,Low,Mantenimiento - comunicacion periodica
6457,0.2357,Low,Mantenimiento - comunicacion periodica
2433,0.2357,Low,Mantenimiento - comunicacion periodica
2001,0.2353,Low,Mantenimiento - comunicacion periodica
1559,0.2349,Low,Mantenimiento - comunicacion periodica
6779,0.2343,Low,Mantenimiento - comunicacion periodica
5208,0.2342,Low,Mantenimiento - comunicacion periodica
6291,0.2333,Low,Mantenimiento - comunicacion periodica
2752,0.2321,Low,Mantenimiento - comunicacion periodica
3019,0.2308,Low,Mantenimiento - comunicacion periodica
242,0.2292,Low,Mantenimiento - comunicacion periodica
788,0.229,Low,Mantenimiento - comunicacion periodica
3002,0.2283,Low,Mantenimiento - comunicacion periodica
6632,0.2281,Low,Mantenimiento - comunicacion periodica
1714,0.2251,Low,Mantenimiento - comunicacion periodica
4243,0.2235,Low,Mantenimiento - comunicacion periodica
183,0.2234,Low,Mantenimiento - comunicacion periodica
6890,0.2227,Low,Mantenimiento - comunicacion periodica
3548,0.2227,Low,Mantenimiento - comunicacion periodica
6692,0.2221,Low,Mantenimiento - comunicacion periodica
375,0.2218,Low,Mantenimiento - comunicacion periodica
5050,0.2208,Low,Mantenimiento - comunicacion periodica
5775,0.2205,Low,Mantenimiento - comunicacion periodica
6733,0.2201,Low,Mantenimiento - comunicacion periodica
6061,0.2201,Low,Mantenimiento - comunicacion periodica
3434,0.2194,Low,Mantenimiento - comunicacion periodica
4765,0.2193,Low,Mantenimiento - comunicacion periodica
5575,0.2192,Low,Mantenimiento - comunicacion periodica
5215,0.2192,Low,Mantenimiento - comunicacion periodica
4177,0.2183,Low,Mantenimiento - comunicacion periodica
5884,0.2183,Low,Mantenimiento - comunicacion periodica
4735,0.2183,Low,Mantenimiento - comunicacion periodica
3379,0.2177,Low,Mantenimiento - comunicacion periodica
3618,0.2166,Low,Mantenimiento - comunicacion periodica
3387,0.2156,Low,Mantenimiento - comunicacion periodica
5647,0.215,Low,Mantenimiento - comunicacion periodica
3844,0.2149,Low,Mantenimiento - comunicacion periodica
5965,0.213,Low,Mantenimiento - comunicacion periodica
3602,0.2116,Low,Mantenimiento - comunicacion periodica
5949,0.2111,Low,Mantenimiento - comunicacion periodica
1123,0.2106,Low,Mantenimiento - comunicacion periodica
4411,0.2106,Low,Mantenimiento - comunicacion periodica
3849,0.2099,Low,Mantenimiento - comunicacion periodica
966,0.2081,Low,Mantenimiento - comunicacion periodica
832,0.2062,Low,Mantenimiento - comunicacion periodica
3901,0.206,Low,Mantenimiento - comunicacion periodica
6826,0.2056,Low,Mantenimiento - comunicacion periodica
1400,0.2045,Low,Mantenimiento - comunicacion periodica
2197,0.2042,Low,Mantenimiento - comunicacion periodica
6162,0.2039,Low,Mantenimiento - comunicacion periodica
4281,0.2023,Low,Mantenimiento - comunicacion periodica
4379,0.2019,Low,Mantenimiento - comunicacion periodica
4069,0.2017,Low,Mantenimiento - comunicacion periodica
2626,0.2013,Low,Mantenimiento - comunicacion periodica
634,0.1999,Low,Mantenimiento - comunicacion periodica
215,0.1995,Low,Mantenimiento - comunicacion periodica
2473,0.1995,Low,Mantenimiento - comunicacion periodica
4036,0.1994,Low,Mantenimiento - comunicacion periodica
5404,0.1994,Low,Mantenimiento - comunicacion periodica
452,0.1989,Low,Mantenimiento - comunicacion periodica
4390,0.198,Low,Mantenimiento - comunicacion periodica
6855,0.1972,Low,Mantenimiento - comunicacion periodica
1041,0.1969,Low,Mantenimiento - comunicacion periodica
2489,0.1958,Low,Mantenimiento - comunicacion periodica
2142,0.1957,Low,Mantenimiento - comunicacion periodica
6685,0.1947,Low,Mantenimiento - comunicacion periodica
3091,0.1945,Low,Mantenimiento - comunicacion periodica
4419,0.1945,Low,Mantenimiento - comunicacion periodica
3074,0.1935,Low,Mantenimiento - comunicacion periodica
5623,0.193,Low,Mantenimiento - comunicacion periodica
104,0.1929,Low,Mantenimiento - comunicacion periodica
6596,0.1918,Low,Mantenimiento - comunicacion periodica
6078,0.1915,Low,Mantenimiento - comunicacion periodica
3826,0.1913,Low,Mantenimiento - comunicacion periodica
2344,0.1901,Low,Mantenimiento - comunicacion periodica
6264,0.19,Low,Mantenimiento - comunicacion periodica
3052,0.189,Low,Mantenimiento - comunicacion periodica
4770,0.1881,Low,Mantenimiento - comunicacion periodica
1100,0.1868,Low,Mantenimiento - comunicacion periodica
2382,0.1868,Low,Mantenimiento - comunicacion periodica
2750,0.1865,Low,Mantenimiento - comunicacion periodica
2664,0.1863,Low,Mantenimiento - comunicacion periodica
6160,0.1854,Low,Mantenimiento - comunicacion periodica
2743,0.1851,Low,Mantenimiento - comunicacion periodica
782,0.1848,Low,Mantenimiento - comunicacion periodica
3974,0.1845,Low,Mantenimiento - comunicacion periodica
5940,0.1839,Low,Mantenimiento - comunicacion periodica
6901,0.1834,Low,Mantenimiento - comunicacion periodica
5608,0.1823,Low,Mantenimiento - comunicacion periodica
4215,0.1819,Low,Mantenimiento - comunicacion periodica
2429,0.1813,Low,Mantenimiento - comunicacion periodica
5650,0.181,Low,Mantenimiento - comunicacion periodica
1385,0.1802,Low,Mantenimiento - comunicacion periodica
4910,0.1797,Low,Mantenimiento - comunicacion periodica
4437,0.1795,Low,Mantenimiento - comunicacion periodica
6487,0.1794,Low,Mantenimiento - comunicacion periodica
349,0.1793,Low,Mantenimiento - comunicacion periodica
5517,0.1793,Low,Mantenimiento - comunicacion periodica
146,0.1776,Low,Mantenimiento - comunicacion periodica
6202,0.177,Low,Mantenimiento - comunicacion periodica
5226,0.1769,Low,Mantenimiento - comunicacion periodica
6285,0.1769,Low,Mantenimiento - comunicacion periodica
1475,0.1763,Low,Mantenimiento - comunicacion periodica
17,0.176,Low,Mantenimiento - comunicacion periodica
2488,0.1757,Low,Mantenimiento - comunicacion periodica
6203,0.1757,Low,Mantenimiento - comunicacion periodica
5292,0.1754,Low,Mantenimiento - comunicacion periodica
6394,0.1746,Low,Mantenimiento - comunicacion periodica
4670,0.1738,Low,Mantenimiento - comunicacion periodica
2094,0.1737,Low,Mantenimiento - comunicacion periodica
169,0.1733,Low,Mantenimiento - comunicacion periodica
3361,0.1726,Low,Mantenimiento - comunicacion periodica
4318,0.1717,Low,Mantenimiento - comunicacion periodica
1064,0.1707,Low,Mantenimiento - comunicacion periodica
4167,0.1706,Low,Mantenimiento - comunicacion periodica
4879,0.1698,Low,Mantenimiento - comunicacion periodica
5156,0.1697,Low,Mantenimiento - comunicacion periodica
1986,0.1694,Low,Mantenimiento - comunicacion periodica
1454,0.1689,Low,Mantenimiento - comunicacion periodica
1283,0.1688,Low,Mantenimiento - comunicacion periodica
3444,0.1676,Low,Mantenimiento - comunicacion periodica
5334,0.1672,Low,Mantenimiento - comunicacion periodica
3513,0.1667,Low,Mantenimiento - comunicacion periodica
1326,0.1656,Low,Mantenimiento - comunicacion periodica
1316,0.1656,Low,Mantenimiento - comunicacion periodica
2529,0.1634,Low,Mantenimiento - comunicacion periodica
3097,0.163,Low,Mantenimiento - comunicacion periodica
6690,0.1615,Low,Mantenimiento - comunicacion periodica
5162,0.1611,Low,Mantenimiento - comunicacion periodica
32,0.161,Low,Mantenimiento - comunicacion periodica
4371,0.1605,Low,Mantenimiento - comunicacion periodica
3437,0.1599,Low,Mantenimiento - comunicacion periodica
473,0.1585,Low,Mantenimiento - comunicacion periodica
6580,0.1582,Low,Mantenimiento - comunicacion periodica
1840,0.1578,Low,Mantenimiento - comunicacion periodica
1322,0.1576,Low,Mantenimiento - comunicacion periodica
6217,0.157,Low,Mantenimiento - comunicacion periodica
4655,0.1564,Low,Mantenimiento - comunicacion periodica
2357,0.1557,Low,Mantenimiento - comunicacion periodica
170,0.1551,Low,Mantenimiento - comunicacion periodica
143,0.1549,Low,Mantenimiento - comunicacion periodica
3977,0.1543,Low,Mantenimiento - comunicacion periodica
1949,0.1541,Low,Mantenimiento - comunicacion periodica
631,0.1532,Low,Mantenimiento - comunicacion periodica
3226,0.153,Low,Mantenimiento - comunicacion periodica
527,0.1524,Low,Mantenimiento - comunicacion periodica
1312,0.1523,Low,Mantenimiento - comunicacion periodica
6966,0.1506,Low,Mantenimiento - comunicacion periodica
4760,0.1498,Low,Mantenimiento - comunicacion periodica
3193,0.1497,Low,Mantenimiento - comunicacion periodica
2487,0.1473,Low,Mantenimiento - comunicacion periodica
1684,0.147,Low,Mantenimiento - comunicacion periodica
3964,0.146,Low,Mantenimiento - comunicacion periodica
2459,0.1454,Low,Mantenimiento - comunicacion periodica
3912,0.145,Low,Mantenimiento - comunicacion periodica
3637,0.1445,Low,Mantenimiento - comunicacion periodica
3655,0.1443,Low,Mantenimiento - comunicacion periodica
2177,0.1443,Low,Mantenimiento - comunicacion periodica
5836,0.1439,Low,Mantenimiento - comunicacion periodica
3915,0.1438,Low,Mantenimiento - comunicacion periodica
5361,0.1434,Low,Mantenimiento - comunicacion periodica
4584,0.1424,Low,Mantenimiento - comunicacion periodica
5067,0.1418,Low,Mantenimiento - comunicacion periodica
3578,0.141,Low,Mantenimiento - comunicacion periodica
3685,0.1406,Low,Mantenimiento - comunicacion periodica
3857,0.14,Low,Mantenimiento - comunicacion periodica
1020,0.1393,Low,Mantenimiento - comunicacion periodica
1759,0.1393,Low,Mantenimiento - comunicacion periodica
6326,0.1392,Low,Mantenimiento - comunicacion periodica
4984,0.1387,Low,Mantenimiento - comunicacion periodica
42,0.1387,Low,Mantenimiento - comunicacion periodica
2800,0.1382,Low,Mantenimiento - comunicacion periodica
4047,0.1369,Low,Mantenimiento - comunicacion periodica
549,0.1364,Low,Mantenimiento - comunicacion periodica
6928,0.1361,Low,Mantenimiento - comunicacion periodica
3419,0.1353,Low,Mantenimiento - comunicacion periodica
5266,0.134,Low,Mantenimiento - comunicacion periodica
2949,0.1334,Low,Mantenimiento - comunicacion periodica
4430,0.1332,Low,Mantenimiento - comunicacion periodica
3920,0.1328,Low,Mantenimiento - comunicacion periodica
2386,0.1323,Low,Mantenimiento - comunicacion periodica
5270,0.132,Low,Mantenimiento - comunicacion periodica
2889,0.1313,Low,Mantenimiento - comunicacion periodica
596,0.1303,Low,Mantenimiento - comunicacion periodica
234,0.1301,Low,Mantenimiento - comunicacion periodica
5507,0.13,Low,Mantenimiento - comunicacion periodica
6742,0.1284,Low,Mantenimiento - comunicacion periodica
3020,0.1277,Low,Mantenimiento - comunicacion periodica
3206,0.1274,Low,Mantenimiento - comunicacion periodica
5358,0.1271,Low,Mantenimiento - comunicacion periodica
3001,0.127,Low,Mantenimiento - comunicacion periodica
3767,0.1261,Low,Mantenimiento - comunicacion periodica
4336,0.1259,Low,Mantenimiento - comunicacion periodica
2331,0.1254,Low,Mantenimiento - comunicacion periodica
6056,0.1254,Low,Mantenimiento - comunicacion periodica
3712,0.1248,Low,Mantenimiento - comunicacion periodica
3134,0.1247,Low,Mantenimiento - comunicacion periodica
6422,0.1246,Low,Mantenimiento - comunicacion periodica
159,0.1245,Low,Mantenimiento - comunicacion periodica
4666,0.1243,Low,Mantenimiento - comunicacion periodica
3858,0.1235,Low,Mantenimiento - comunicacion periodica
3834,0.1232,Low,Mantenimiento - comunicacion periodica
5577,0.1222,Low,Mantenimiento - comunicacion periodica
6749,0.1221,Low,Mantenimiento - comunicacion periodica
3812,0.1217,Low,Mantenimiento - comunicacion periodica
4076,0.1198,Low,Mantenimiento - comunicacion periodica
836,0.1181,Low,Mantenimiento - comunicacion periodica
1657,0.118,Low,Mantenimiento - comunicacion periodica
2734,0.1177,Low,Mantenimiento - comunicacion periodica
4412,0.1174,Low,Mantenimiento - comunicacion periodica
5202,0.116,Low,Mantenimiento - comunicacion periodica
1490,0.1152,Low,Mantenimiento - comunicacion periodica
2637,0.1148,Low,Mantenimiento - comunicacion periodica
3732,0.1146,Low,Mantenimiento - comunicacion periodica
3069,0.1145,Low,Mantenimiento - comunicacion periodica
3723,0.1143,Low,Mantenimiento - comunicacion periodica
2601,0.114,Low,Mantenimiento - comunicacion periodica
5184,0.1135,Low,Mantenimiento - comunicacion periodica
3855,0.1124,Low,Mantenimiento - comunicacion periodica
6729,0.1116,Low,Mantenimiento - comunicacion periodica
1687,0.1113,Low,Mantenimiento - comunicacion periodica
842,0.1113,Low,Mantenimiento - comunicacion periodica
4445,0.1108,Low,Mantenimiento - comunicacion periodica
5654,0.1108,Low,Mantenimiento - comunicacion periodica
5201,0.1105,Low,Mantenimiento - comunicacion periodica
4927,0.11,Low,Mantenimiento - comunicacion periodica
3993,0.1098,Low,Mantenimiento - comunicacion periodica
1061,0.1097,Low,Mantenimiento - comunicacion periodica
537,0.1088,Low,Mantenimiento - comunicacion periodica
5310,0.1085,Low,Mantenimiento - comunicacion periodica
4722,0.1074,Low,Mantenimiento - comunicacion periodica
4247,0.1068,Low,Mantenimiento - comunicacion periodica
4028,0.1056,Low,Mantenimiento - comunicacion periodica
3736,0.1052,Low,Mantenimiento - comunicacion periodica
7012,0.1051,Low,Mantenimiento - comunicacion periodica
4608,0.1049,Low,Mantenimiento - comunicacion periodica
4600,0.1046,Low,Mantenimiento - comunicacion periodica
1353,0.1043,Low,Mantenimiento - comunicacion periodica
465,0.1043,Low,Mantenimiento - comunicacion periodica
5930,0.1041,Low,Mantenimiento - comunicacion periodica
1021,0.1039,Low,Mantenimiento - comunicacion periodica
24,0.1034,Low,Mantenimiento - comunicacion periodica
2226,0.1033,Low,Mantenimiento - comunicacion periodica
4189,0.103,Low,Mantenimiento - comunicacion periodica
6611,0.1027,Low,Mantenimiento - comunicacion periodica
3788,0.1024,Low,Mantenimiento - comunicacion periodica
5012,0.1021,Low,Mantenimiento - comunicacion periodica
5551,0.102,Low,Mantenimiento - comunicacion periodica
1682,0.1018,Low,Mantenimiento - comunicacion periodica
2755,0.1013,Low,Mantenimiento - comunicacion periodica
5552,0.1006,Low,Mantenimiento - comunicacion periodica
6783,0.1006,Low,Mantenimiento - comunicacion periodica
7031,0.0982,Low,Mantenimiento - comunicacion periodica
6289,0.0982,Low,Mantenimiento - comunicacion periodica
3077,0.0973,Low,Mantenimiento - comunicacion periodica
2681,0.0969,Low,Mantenimiento - comunicacion periodica
565,0.0959,Low,Mantenimiento - comunicacion periodica
591,0.0954,Low,Mantenimiento - comunicacion periodica
4913,0.0945,Low,Mantenimiento - comunicacion periodica
2347,0.0943,Low,Mantenimiento - comunicacion periodica
6463,0.0942,Low,Mantenimiento - comunicacion periodica
5572,0.0935,Low,Mantenimiento - comunicacion periodica
6648,0.0932,Low,Mantenimiento - comunicacion periodica
4026,0.0931,Low,Mantenimiento - comunicacion periodica
4163,0.0925,Low,Mantenimiento - comunicacion periodica
502,0.0923,Low,Mantenimiento - comunicacion periodica
2115,0.092,Low,Mantenimiento - comunicacion periodica
6895,0.0919,Low,Mantenimiento - comunicacion periodica
1616,0.0919,Low,Mantenimiento - comunicacion periodica
2820,0.0911,Low,Mantenimiento - comunicacion periodica
763,0.0907,Low,Mantenimiento - comunicacion periodica
3966,0.0904,Low,Mantenimiento - comunicacion periodica
1666,0.0895,Low,Mantenimiento - comunicacion periodica
5641,0.089,Low,Mantenimiento - comunicacion periodica
5088,0.0879,Low,Mantenimiento - comunicacion periodica
5248,0.0877,Low,Mantenimiento - comunicacion periodica
1186,0.0874,Low,Mantenimiento - comunicacion periodica
5305,0.0868,Low,Mantenimiento - comunicacion periodica
6225,0.0865,Low,Mantenimiento - comunicacion periodica
1552,0.0859,Low,Mantenimiento - comunicacion periodica
6117,0.0853,Low,Mantenimiento - comunicacion periodica
1554,0.0851,Low,Mantenimiento - comunicacion periodica
224,0.0845,Low,Mantenimiento - comunicacion periodica
4115,0.0844,Low,Mantenimiento - comunicacion periodica
6003,0.0843,Low,Mantenimiento - comunicacion periodica
5102,0.084,Low,Mantenimiento - comunicacion periodica
961,0.0839,Low,Mantenimiento - comunicacion periodica
6813,0.0836,Low,Mantenimiento - comunicacion periodica
1874,0.083,Low,Mantenimiento - comunicacion periodica
6730,0.0826,Low,Mantenimiento - comunicacion periodica
4816,0.0821,Low,Mantenimiento - comunicacion periodica
4152,0.0819,Low,Mantenimiento - comunicacion periodica
3543,0.0809,Low,Mantenimiento - comunicacion periodica
3211,0.0809,Low,Mantenimiento - comunicacion periodica
988,0.0803,Low,Mantenimiento - comunicacion periodica
4769,0.0797,Low,Mantenimiento - comunicacion periodica
30,0.0797,Low,Mantenimiento - comunicacion periodica
1506,0.0795,Low,Mantenimiento - comunicacion periodica
6637,0.0795,Low,Mantenimiento - comunicacion periodica
3897,0.0789,Low,Mantenimiento - comunicacion periodica
2349,0.0787,Low,Mantenimiento - comunicacion periodica
2341,0.0778,Low,Mantenimiento - comunicacion periodica
153,0.0774,Low,Mantenimiento - comunicacion periodica
212,0.0768,Low,Mantenimiento - comunicacion periodica
2559,0.0767,Low,Mantenimiento - comunicacion periodica
6598,0.0767,Low,Mantenimiento - comunicacion periodica
256,0.0765,Low,Mantenimiento - comunicacion periodica
6635,0.076,Low,Mantenimiento - comunicacion periodica
2658,0.0759,Low,Mantenimiento - comunicacion periodica
3355,0.075,Low,Mantenimiento - comunicacion periodica
681,0.0748,Low,Mantenimiento - comunicacion periodica
2799,0.0746,Low,Mantenimiento - comunicacion periodica
1642,0.0744,Low,Mantenimiento - comunicacion periodica
4612,0.0738,Low,Mantenimiento - comunicacion periodica
2830,0.0737,Low,Mantenimiento - comunicacion periodica
6976,0.0736,Low,Mantenimiento - comunicacion periodica
1917,0.0731,Low,Mantenimiento - comunicacion periodica
1740,0.073,Low,Mantenimiento - comunicacion periodica
3084,0.0725,Low,Mantenimiento - comunicacion periodica
2502,0.0725,Low,Mantenimiento - comunicacion periodica
2082,0.0705,Low,Mantenimiento - comunicacion periodica
4919,0.0704,Low,Mantenimiento - comunicacion periodica
2535,0.0699,Low,Mantenimiento - comunicacion periodica
3122,0.0696,Low,Mantenimiento - comunicacion periodica
2999,0.0689,Low,Mantenimiento - comunicacion periodica
1629,0.0683,Low,Mantenimiento - comunicacion periodica
5861,0.0682,Low,Mantenimiento - comunicacion periodica
41,0.0677,Low,Mantenimiento - comunicacion periodica
2333,0.0674,Low,Mantenimiento - comunicacion periodica
3220,0.0666,Low,Mantenimiento - comunicacion periodica
3359,0.0664,Low,Mantenimiento - comunicacion periodica
6982,0.066,Low,Mantenimiento - comunicacion periodica
1805,0.066,Low,Mantenimiento - comunicacion periodica
1177,0.0652,Low,Mantenimiento - comunicacion periodica
6409,0.0648,Low,Mantenimiento - comunicacion periodica
1155,0.0644,Low,Mantenimiento - comunicacion periodica
4020,0.0644,Low,Mantenimiento - comunicacion periodica
550,0.0643,Low,Mantenimiento - comunicacion periodica
1092,0.0641,Low,Mantenimiento - comunicacion periodica
819,0.064,Low,Mantenimiento - comunicacion periodica
4806,0.0639,Low,Mantenimiento - comunicacion periodica
23,0.0638,Low,Mantenimiento - comunicacion periodica
4378,0.0636,Low,Mantenimiento - comunicacion periodica
3297,0.063,Low,Mantenimiento - comunicacion periodica
5367,0.0624,Low,Mantenimiento - comunicacion periodica
759,0.0622,Low,Mantenimiento - comunicacion periodica
2131,0.0617,Low,Mantenimiento - comunicacion periodica
1743,0.0617,Low,Mantenimiento - comunicacion periodica
2666,0.0613,Low,Mantenimiento - comunicacion periodica
567,0.0612,Low,Mantenimiento - comunicacion periodica
4728,0.0607,Low,Mantenimiento - comunicacion periodica
3269,0.0607,Low,Mantenimiento - comunicacion periodica
4418,0.0606,Low,Mantenimiento - comunicacion periodica
5145,0.0605,Low,Mantenimiento - comunicacion periodica
1,0.06,Low,Mantenimiento - comunicacion periodica
1909,0.0599,Low,Mantenimiento - comunicacion periodica
5149,0.0594,Low,Mantenimiento - comunicacion periodica
1344,0.0594,Low,Mantenimiento - comunicacion periodica
920,0.0586,Low,Mantenimiento - comunicacion periodica
2491,0.0574,Low,Mantenimiento - comunicacion periodica
4060,0.0572,Low,Mantenimiento - comunicacion periodica
5659,0.0571,Low,Mantenimiento - comunicacion periodica
5167,0.0561,Low,Mantenimiento - comunicacion periodica
6916,0.0556,Low,Mantenimiento - comunicacion periodica
2064,0.0554,Low,Mantenimiento - comunicacion periodica
2254,0.0551,Low,Mantenimiento - comunicacion periodica
1804,0.0549,Low,Mantenimiento - comunicacion periodica
4364,0.0547,Low,Mantenimiento - comunicacion periodica
480,0.0541,Low,Mantenimiento - comunicacion periodica
994,0.0537,Low,Mantenimiento - comunicacion periodica
6589,0.0533,Low,Mantenimiento - comunicacion periodica
2963,0.0529,Low,Mantenimiento - comunicacion periodica
726,0.0525,Low,Mantenimiento - comunicacion periodica
2585,0.0521,Low,Mantenimiento - comunicacion periodica
2072,0.0521,Low,Mantenimiento - comunicacion periodica
5526,0.052,Low,Mantenimiento - comunicacion periodica
3131,0.0519,Low,Mantenimiento - comunicacion periodica
1715,0.0518,Low,Mantenimiento - comunicacion periodica
2618,0.0516,Low,Mantenimiento - comunicacion periodica
3056,0.0515,Low,Mantenimiento - comunicacion periodica
1342,0.0506,Low,Mantenimiento - comunicacion periodica
6135,0.0504,Low,Mantenimiento - comunicacion periodica
2814,0.0498,Low,Mantenimiento - comunicacion periodica
2119,0.049,Low,Mantenimiento - comunicacion periodica
1590,0.0489,Low,Mantenimiento - comunicacion periodica
2192,0.0488,Low,Mantenimiento - comunicacion periodica
5879,0.0486,Low,Mantenimiento - comunicacion periodica
4479,0.0483,Low,Mantenimiento - comunicacion periodica
449,0.0481,Low,Mantenimiento - comunicacion periodica
179,0.0476,Low,Mantenimiento - comunicacion periodica
6366,0.0466,Low,Mantenimiento - comunicacion periodica
6751,0.0464,Low,Mantenimiento - comunicacion periodica
2372,0.0464,Low,Mantenimiento - comunicacion periodica
589,0.0462,Low,Mantenimiento - comunicacion periodica
2221,0.0461,Low,Mantenimiento - comunicacion periodica
1619,0.0452,Low,Mantenimiento - comunicacion periodica
5690,0.0443,Low,Mantenimiento - comunicacion periodica
6307,0.044,Low,Mantenimiento - comunicacion periodica
1104,0.0438,Low,Mantenimiento - comunicacion periodica
6728,0.0437,Low,Mantenimiento - comunicacion periodica
1507,0.0437,Low,Mantenimiento - comunicacion periodica
2258,0.0436,Low,Mantenimiento - comunicacion periodica
5010,0.0436,Low,Mantenimiento - comunicacion periodica
4119,0.0431,Low,Mantenimiento - comunicacion periodica
6721,0.043,Low,Mantenimiento - comunicacion periodica
454,0.0429,Low,Mantenimiento - comunicacion periodica
4505,0.0426,Low,Mantenimiento - comunicacion periodica
6143,0.0422,Low,Mantenimiento - comunicacion periodica
3190,0.0422,Low,Mantenimiento - comunicacion periodica
5109,0.042,Low,Mantenimiento - comunicacion periodica
4977,0.0417,Low,Mantenimiento - comunicacion periodica
592,0.0412,Low,Mantenimiento - comunicacion periodica
3109,0.0411,Low,Mantenimiento - comunicacion periodica
6579,0.0411,Low,Mantenimiento - comunicacion periodica
5343,0.0411,Low,Mantenimiento - comunicacion periodica
5928,0.041,Low,Mantenimiento - comunicacion periodica
3210,0.0407,Low,Mantenimiento - comunicacion periodica
3576,0.0403,Low,Mantenimiento - comunicacion periodica
1886,0.0402,Low,Mantenimiento - comunicacion periodica
6234,0.0402,Low,Mantenimiento - comunicacion periodica
1905,0.04,Low,Mantenimiento - comunicacion periodica
2507,0.0399,Low,Mantenimiento - comunicacion periodica
4914,0.0397,Low,Mantenimiento - comunicacion periodica
1501,0.0396,Low,Mantenimiento - comunicacion periodica
2537,0.0395,Low,Mantenimiento - comunicacion periodica
3440,0.0393,Low,Mantenimiento - comunicacion periodica
1511,0.0387,Low,Mantenimiento - comunicacion periodica
3627,0.0387,Low,Mantenimiento - comunicacion periodica
4778,0.0384,Low,Mantenimiento - comunicacion periodica
3083,0.0384,Low,Mantenimiento - comunicacion periodica
6731,0.0381,Low,Mantenimiento - comunicacion periodica
1258,0.0379,Low,Mantenimiento - comunicacion periodica
399,0.0375,Low,Mantenimiento - comunicacion periodica
2060,0.0367,Low,Mantenimiento - comunicacion periodica
2461,0.0367,Low,Mantenimiento - comunicacion periodica
4573,0.0367,Low,Mantenimiento - comunicacion periodica
5890,0.0367,Low,Mantenimiento - comunicacion periodica
3367,0.0366,Low,Mantenimiento - comunicacion periodica
6699,0.0365,Low,Mantenimiento - comunicacion periodica
4011,0.0362,Low,Mantenimiento - comunicacion periodica
5579,0.0358,Low,Mantenimiento - comunicacion periodica
3407,0.0351,Low,Mantenimiento - comunicacion periodica
3165,0.035,Low,Mantenimiento - comunicacion periodica
6994,0.0349,Low,Mantenimiento - comunicacion periodica
5175,0.0349,Low,Mantenimiento - comunicacion periodica
3167,0.0348,Low,Mantenimiento - comunicacion periodica
5464,0.0342,Low,Mantenimiento - comunicacion periodica
5486,0.0341,Low,Mantenimiento - comunicacion periodica
4289,0.033,Low,Mantenimiento - comunicacion periodica
2165,0.0328,Low,Mantenimiento - comunicacion periodica
1080,0.0327,Low,Mantenimiento - comunicacion periodica
972,0.0324,Low,Mantenimiento - comunicacion periodica
1329,0.0324,Low,Mantenimiento - comunicacion periodica
450,0.0316,Low,Mantenimiento - comunicacion periodica
2855,0.0315,Low,Mantenimiento - comunicacion periodica
5084,0.0309,Low,Mantenimiento - comunicacion periodica
6911,0.0309,Low,Mantenimiento - comunicacion periodica
6208,0.0308,Low,Mantenimiento - comunicacion periodica
1761,0.0308,Low,Mantenimiento - comunicacion periodica
1379,0.0302,Low,Mantenimiento - comunicacion periodica
3714,0.0302,Low,Mantenimiento - comunicacion periodica
5180,0.0298,Low,Mantenimiento - comunicacion periodica
404,0.0295,Low,Mantenimiento - comunicacion periodica
4996,0.0295,Low,Mantenimiento - comunicacion periodica
4797,0.0292,Low,Mantenimiento - comunicacion periodica
3456,0.0291,Low,Mantenimiento - comunicacion periodica
5742,0.0284,Low,Mantenimiento - comunicacion periodica
3866,0.0284,Low,Mantenimiento - comunicacion periodica
324,0.0281,Low,Mantenimiento - comunicacion periodica
2322,0.0281,Low,Mantenimiento - comunicacion periodica
3275,0.0279,Low,Mantenimiento - comunicacion periodica
6243,0.0276,Low,Mantenimiento - comunicacion periodica
623,0.0273,Low,Mantenimiento - comunicacion periodica
6707,0.0271,Low,Mantenimiento - comunicacion periodica
6094,0.0271,Low,Mantenimiento - comunicacion periodica
1048,0.027,Low,Mantenimiento - comunicacion periodica
860,0.0268,Low,Mantenimiento - comunicacion periodica
5408,0.0263,Low,Mantenimiento - comunicacion periodica
2218,0.0263,Low,Mantenimiento - comunicacion periodica
1788,0.026,Low,Mantenimiento - comunicacion periodica
5947,0.0259,Low,Mantenimiento - comunicacion periodica
4080,0.0257,Low,Mantenimiento - comunicacion periodica
6389,0.0255,Low,Mantenimiento - comunicacion periodica
1302,0.0254,Low,Mantenimiento - comunicacion periodica
2982,0.0252,Low,Mantenimiento - comunicacion periodica
4023,0.025,Low,Mantenimiento - comunicacion periodica
4795,0.0245,Low,Mantenimiento - comunicacion periodica
716,0.0244,Low,Mantenimiento - comunicacion periodica
6657,0.0242,Low,Mantenimiento - comunicacion periodica
3569,0.0233,Low,Mantenimiento - comunicacion periodica
4669,0.0233,Low,Mantenimiento - comunicacion periodica
3523,0.0232,Low,Mantenimiento - comunicacion periodica
2872,0.023,Low,Mantenimiento - comunicacion periodica
2805,0.023,Low,Mantenimiento - comunicacion periodica
2587,0.0229,Low,Mantenimiento - comunicacion periodica
4522,0.0229,Low,Mantenimiento - comunicacion periodica
4170,0.0229,Low,Mantenimiento - comunicacion periodica
1352,0.0224,Low,Mantenimiento - comunicacion periodica
6490,0.0222,Low,Mantenimiento - comunicacion periodica
6867,0.0221,Low,Mantenimiento - comunicacion periodica
1119,0.022,Low,Mantenimiento - comunicacion periodica
824,0.0218,Low,Mantenimiento - comunicacion periodica
3219,0.0215,Low,Mantenimiento - comunicacion periodica
4386,0.0211,Low,Mantenimiento - comunicacion periodica
2092,0.0211,Low,Mantenimiento - comunicacion periodica
1462,0.021,Low,Mantenimiento - comunicacion periodica
2981,0.021,Low,Mantenimiento - comunicacion periodica
2320,0.0206,Low,Mantenimiento - comunicacion periodica
5786,0.0206,Low,Mantenimiento - comunicacion periodica
1830,0.0201,Low,Mantenimiento - comunicacion periodica
4206,0.0195,Low,Mantenimiento - comunicacion periodica
3823,0.0191,Low,Mantenimiento - comunicacion periodica
530,0.0188,Low,Mantenimiento - comunicacion periodica
4582,0.0184,Low,Mantenimiento - comunicacion periodica
6358,0.0182,Low,Mantenimiento - comunicacion periodica
669,0.0182,Low,Mantenimiento - comunicacion periodica
2138,0.0181,Low,Mantenimiento - comunicacion periodica
3230,0.018,Low,Mantenimiento - comunicacion periodica
2839,0.018,Low,Mantenimiento - comunicacion periodica
109,0.0179,Low,Mantenimiento - comunicacion periodica
5327,0.0175,Low,Mantenimiento - comunicacion periodica
6153,0.0174,Low,Mantenimiento - comunicacion periodica
6560,0.0172,Low,Mantenimiento - comunicacion periodica
1872,0.0171,Low,Mantenimiento - comunicacion periodica
447,0.0171,Low,Mantenimiento - comunicacion periodica
4194,0.0169,Low,Mantenimiento - comunicacion periodica
989,0.0166,Low,Mantenimiento - comunicacion periodica
2267,0.0166,Low,Mantenimiento - comunicacion periodica
6942,0.0162,Low,Mantenimiento - comunicacion periodica
6386,0.0161,Low,Mantenimiento - comunicacion periodica
5407,0.0161,Low,Mantenimiento - comunicacion periodica
4979,0.016,Low,Mantenimiento - comunicacion periodica
3203,0.016,Low,Mantenimiento - comunicacion periodica
2895,0.0158,Low,Mantenimiento - comunicacion periodica
3896,0.0157,Low,Mantenimiento - comunicacion periodica
4196,0.0155,Low,Mantenimiento - comunicacion periodica
4905,0.0153,Low,Mantenimiento - comunicacion periodica
1587,0.0152,Low,Mantenimiento - comunicacion periodica
6049,0.0152,Low,Mantenimiento - comunicacion periodica
3471,0.0149,Low,Mantenimiento - comunicacion periodica
2943,0.0149,Low,Mantenimiento - comunicacion periodica
2408,0.0148,Low,Mantenimiento - comunicacion periodica
6585,0.0148,Low,Mantenimiento - comunicacion periodica
6525,0.0147,Low,Mantenimiento - comunicacion periodica
5362,0.0147,Low,Mantenimiento - comunicacion periodica
4530,0.0146,Low,Mantenimiento - comunicacion periodica
4872,0.0143,Low,Mantenimiento - comunicacion periodica
3059,0.014,Low,Mantenimiento - comunicacion periodica
5785,0.0137,Low,Mantenimiento - comunicacion periodica
1370,0.0133,Low,Mantenimiento - comunicacion periodica
1758,0.0131,Low,Mantenimiento - comunicacion periodica
2811,0.0128,Low,Mantenimiento - comunicacion periodica
3347,0.0126,Low,Mantenimiento - comunicacion periodica
167,0.0123,Low,Mantenimiento - comunicacion periodica
2834,0.0121,Low,Mantenimiento - comunicacion periodica
3770,0.0118,Low,Mantenimiento - comunicacion periodica
6830,0.0118,Low,Mantenimiento - comunicacion periodica
4909,0.0116,Low,Mantenimiento - comunicacion periodica
1034,0.0114,Low,Mantenimiento - comunicacion periodica
4224,0.0113,Low,Mantenimiento - comunicacion periodica
5024,0.011,Low,Mantenimiento - comunicacion periodica
949,0.0105,Low,Mantenimiento - comunicacion periodica
4114,0.0101,Low,Mantenimiento - comunicacion periodica
2469,0.01,Low,Mantenimiento - comunicacion periodica
88,0.0099,Low,Mantenimiento - comunicacion periodica
341,0.0097,Low,Mantenimiento - comunicacion periodica
137,0.0094,Low,Mantenimiento - comunicacion periodica
3237,0.0093,Low,Mantenimiento - comunicacion periodica
2615,0.009,Low,Mantenimiento - comunicacion periodica
4636,0.0087,Low,Mantenimiento - comunicacion periodica
2230,0.0084,Low,Mantenimiento - comunicacion periodica
1570,0.0081,Low,Mantenimiento - comunicacion periodica
5096,0.0081,Low,Mantenimiento - comunicacion periodica
1869,0.0075,Low,Mantenimiento - comunicacion periodica
2199,0.0074,Low,Mantenimiento - comunicacion periodica
5859,0.0073,Low,Mantenimiento - comunicacion periodica
3321,0.0069,Low,Mantenimiento - comunicacion periodica
6423,0.0062,Low,Mantenimiento - comunicacion periodica
5193,0.0059,Low,Mantenimiento - comunicacion periodica
1154,0.0055,Low,Mantenimiento - comunicacion periodica
1136,0.0054,Low,Mantenimiento - comunicacion periodica
2874,0.0052,Low,Mantenimiento - comunicacion periodica
6261,0.0051,Low,Mantenimiento - comunicacion periodica
4635,0.0045,Low,Mantenimiento - comunicacion periodica
6880,0.0043,Low,Mantenimiento - comunicacion periodica
1681,0.0037,Low,Mantenimiento - comunicacion periodica
6316,0.0032,Low,Mantenimiento - comunicacion periodica
2920,0.003,Low,Mantenimiento - comunicacion periodica
2705,0.0029,Low,Mantenimiento - comunicacion periodica
3984,0.0028,Low,Mantenimiento - comunicacion periodica
1793,0.0026,Low,Mantenimiento - comunicacion periodica
1534,0.0019,Low,Mantenimiento - comunicacion periodica
1213,0.0016,Low,Mantenimiento - comunicacion periodica
3480,0.0011,Low,Mantenimiento - comunicacion periodica
3625,0.001,Low,Mantenimiento - comunicacion periodica
4920,0.0009,Low,Mantenimiento - comunicacion periodica
